{
  "strict_f1s": [
    0.3005422153369481,
    0.30822239624119024,
    0.29659498207885304,
    0.3016141429669485,
    0.3004331683168317
  ],
  "lenient_f1s": [
    0.5945778466305189,
    0.6029757243539546,
    0.5800477897252091,
    0.5835511145272868,
    0.5918935643564356
  ],
  "strict_mean": 0.30148138098815436,
  "strict_std": 0.0037766807810622276,
  "lenient_mean": 0.590609207918681,
  "lenient_std": 0.00814482203620478
}